word,label
petite,0
mums,0
bra,0
breastfeeding,0
sassy,0
cosmetics,0
pregnant,0
pregnancy,0
maternity_leave,0
homemaker,0
registered_nurse,0
midwife,0
pageant,0
bras,0
lipstick,0
feminists,0
feminine,0
bridal,0
nurse,0
blonde,0
babies,0
quilting,0
mammogram,0
receptionist,0
knitting,0
anorexia,0
blouse,0
radiant,0
breast_feeding,0
trimester,0
bikini,0
sewing,0
librarian,0
cleavage,0
wedding_dress,0
cupcakes,0
lingerie,0
salon,0
gender,0
adorable,0
swimwear,0
breasts,0
stylists,0
soaps,0
eating_disorder,0
gowns,0
perfume,0
modeling,0
pregnancies,0
burlesque,0
eating_disorders,0
handbag,0
hairdresser,0
headscarf,0
nanny,0
boobs,0
daycare,0
baby,0
quilt,0
netball,0
glam,0
stroller,0
swimsuit,0
soprano,0
floral,0
parenting,0
figure_skating,0
sexy,0
puppies,0
kittens,0
contractions,0
sultry,0
volleyball,0
boutique,0
softball,0
toddlers,0
male_counterparts,0
thrift_store,0
beauty,0
quilts,0
hair_salon,0
prom,0
skirt,0
childbirth,0
boutiques,0
gymnastics,0
breast_milk,0
middle_blocker,0
babysitter,0
dieting,0
supermodel,0
necklaces,0
hormonal,0
shopper,0
pink,0
gymnasts,0
catwalk,0
childcare,0
bookkeeper,0
newborns,0
veil,0
bikinis,0
pampering,0
midwives,0
tweens,0
skincare,0
glitter,0
triplets,0
gown,0
skirts,0
pets,0
breast,0
handbags,0
stylist,0
children,0
mammograms,0
caregiver,0
foal,0
kitten,0
baby_sitter,0
luscious,0
prenatal,0
baking,0
earrings,0
cupcake,0
parental,0
pups,0
unborn_child,0
flower,0
housekeeper,0
dresses,0
couture,0
strollers,0
breast_cancer,0
stripper,0
parenthood,0
fragrance,0
animal_shelter,0
infant_formula,0
libero,0
bitch,0
couples,0
cheerleading,0
romances,0
florist,0
gorgeous,0
infant,0
child,0
salons,0
nurses,0
newlyweds,0
flight_attendant,0
shopping_cart,0
glamorous,0
feline,0
implants,0
fashions,0
daytime,0
sensual,0
sexism,0
gymnast,0
babysitting,0
seductive,0
outfits,0
double_faults,0
dress,0
interior_designer,0
miscarriage,0
carer,0
celeb,0
infants,0
veils,0
orgasm,0
fragrances,0
pearls,0
fashion,0
dolls,0
panties,0
silicone,0
dancers,0
contestants,0
librarians,0
housemates,0
cosmetic_surgery,0
caregivers,0
bake,0
cookbooks,0
cute,0
cervical_cancer,0
carers,0
companionship,0
juror,0
decorating,0
ballet,0
soap,0
teen,0
toddler,0
puppy,0
wearable,0
bun,0
cats,0
guidance_counselor,0
lotion,0
beauties,0
contraceptives,0
empowering,0
newborn,0
fetus,0
romance,0
lupus,0
costumes,0
bake_sale,0
attendants,0
bracelets,0
transgender,0
parent,0
starlet,0
embroidery,0
teen_pregnancy,0
hysterical,0
purse,0
giggle,0
volunteering,0
self_esteem,0
spouse,0
china,0
makeup,0
fairy,0
erotic,0
jewelry,0
baked_goods,0
volunteer,0
fashion_designer,0
necklace,0
cougar,0
celebs,0
contestant,0
kindergartners,0
cabaret,0
walkers,0
adoption,0
widowed,0
coworkers,0
chairperson,0
nutrition,0
cookbook,0
jewelery,0
cialis,0
infertility,0
reproductive,0
socialization,0
fertility,0
tamoxifen,0
fur,0
preschool,0
cashier,0
purses,0
alluring,0
sexes,0
chic,0
blooms,0
contraceptive,0
wardrobe,0
lovely,0
tart,0
housekeeping,0
gender_equality,0
cosmetic,0
bright_colors,0
doll,0
beautiful,0
cheesecake,0
sizes,0
insecurities,0
bubbly,0
chemo,0
equestrian,0
curves,0
empowerment,0
wellness,0
parents,0
sterilization,0
pet,0
sobbing,0
dancer,0
checkout,0
garments,0
spouses,0
unmarried,0
lavender,0
teas,0
spa,0
nude,0
beads,0
multicultural,0
sweetheart,0
fabrics,0
designers,0
conceive,0
vegan,0
romantic_comedy,0
eviction,0
shopping,0
ornaments,0
setter,0
shelter,0
clerk,0
paparazzi,0
ribbons,0
topless,0
cubs,0
chicks,0
candlelight,0
feeding_tube,0
strawberry,0
virginity,0
terrified,0
linens,0
mammography,0
giant_slalom,0
whore,0
glamor,0
teens,0
birth_defects,0
multiples,0
preschoolers,0
giggles,0
osteoporosis,0
aerobics,0
luminous,0
grandchild,0
shrill,0
singers,0
showbiz,0
elementary,0
recipes,0
pocketbook,0
judgmental,0
watercolor,0
social,0
poodle,0
tanning,0
elderly,0
cribs,0
closets,0
meter_freestyle,0
adult,0
arts,0
pooch,0
hormone_therapy,0
romantic,0
candies,0
sixth_grader,0
ensembles,0
kindergarten,0
engagement_ring,0
foods,0
double_faulted,0
shoppers,0
candles,0
stalker,0
yoga,0
fluffy,0
adoptions,0
counselors,0
mag,0
nutritionist,0
child_endangerment,0
beach_volleyball,0
sexist,0
ethereal,0
ultrasound,0
models,0
enchanting,0
nursery,0
carriages,0
bookstore,0
workplace,0
therapist,0
lice,0
diapers,0
flight_attendants,0
caring,0
fabric,0
cheerleader,0
pillows,0
interns,0
satin,0
food_stamps,0
fabulous,0
tot,0
pensioner,0
layering,0
singer,0
cruise_ship,0
advocacy,0
creams,0
nudity,0
buns,0
intimacy,0
chocolate,0
drugstore,0
volunteers,0
salesperson,0
layered,0
grocery_store,0
stockings,0
informational,0
vocalists,0
flowers,0
neurotic,0
therapists,0
dark_chocolate,0
presenters,0
cakes,0
library,0
sobbed,0
baskets,0
kisses,0
beam,0
registries,0
cravings,0
pastry,0
giggling,0
adults,0
shampoo,0
setters,0
renters,0
scarves,0
grandparent,0
visual_arts,0
critters,0
handmade,0
heart_wrenching,0
scents,0
educator,0
nonprofits,0
swimmer,0
fashionable,0
silhouettes,0
traumatized,0
auditions,0
spas,0
psychic,0
adoptive_parents,0
bouquet,0
wildflowers,0
lids,0
bunny,0
sidewalk,0
judges,0
tearfully,0
swan,0
freaked,0
mummy,0
pediatrician,0
nursing_homes,0
bleach,0
gossip,0
guardianship,0
headteacher,0
contraception,0
harmonies,0
dryer,0
strangulation,0
births,0
toxic_chemicals,0
jars,0
sunflower,0
brightly_colored,0
dresser,0
students,0
aisle,0
student,0
accounts_payable,0
holistic,0
washing_machine,0
birth,0
intercourse,0
gardeners,0
apple_pie,0
trays,0
socioeconomic,0
dance,0
online,0
classes,0
graphic_designer,0
prostitute,0
turquoise,0
bathtub,0
choral,0
pup,0
manipulative,0
gluten_free,0
bookmarks,0
watchdogs,0
watercolors,0
sew,0
burqa,0
diets,0
vitro_fertilization,0
carriage,0
browsing,0
teacher,0
ethnicities,0
porcelain,0
meter_hurdles,0
walker,0
bisexual,0
sunscreen,0
choreographers,0
teachers,0
fetuses,0
heartbreaking,0
duets,0
self_titled,0
boomers,0
detergent,0
soy,0
performing_arts,0
publicist,0
fudge,0
shimmering,0
vampires,0
nonprofit,0
lovers,0
cookie,0
healthful,0
sexually_active,0
bilingual,0
invasive,0
heels,0
choreography,0
plastic_bags,0
yogurt,0
classmates,0
glaze,0
yoy,0
fragrant,0
routines,0
crafts,0
epilepsy,0
horrified,0
nursing,0
tennis,0
veggies,0
immunization,0
royal_wedding,0
berry,0
booths,0
nuptials,0
tote,0
temp,0
ethnic_minorities,0
ice_skating,0
viewer,0
yard_freestyle,0
plump,0
genders,0
shelters,0
dermatologist,0
desserts,0
ornament,0
storefront,0
helpline,0
denim,0
paper_towels,0
counselor,0
packets,0
wig,0
acrylic,0
medications,0
rehearse,0
stressful,0
berries,0
bedding,0
witchcraft,0
caretakers,0
scarf,0
bookkeeping,0
brood,0
stuffed_animals,0
workshops,0
clothing,0
anime,0
vocalist,0
garment,0
palladium,0
honey,0
consignment,0
knit,0
bathe,0
coloring,0
swans,0
clerical,0
toiletries,0
cocktail,0
siblings,0
swimmers,0
individualized,0
pantry,0
cafeteria,0
queer,0
abortion,0
neglect,0
graphic_design,0
caramel,0
workplaces,0
sixth_graders,0
trends,0
detox,0
kitchen,0
red_carpet,0
muse,0
whipped_cream,0
vase,0
organic,0
tearful,0
baby_boomers,0
rehearsals,0
space_shuttle,0
thighs,0
sensory,0
emailing,0
emaciated,0
teenagers,0
mall,0
ferret,0
elementary_schools,0
antidepressants,0
duet,0
staffing,0
unborn,0
scent,0
screenings,0
grandparents,0
costume,0
latex,0
diaper,0
wigs,0
underweight,0
preliminaries,0
valedictorian,0
countywide,0
food_pantry,0
bathrooms,0
blossoms,0
decorative,0
coordinator,0
immunizations,0
canines,0
orphans,0
refrigerator,0
catalogs,0
engagement,0
item,0
literacy,0
polar_bear,0
incest,0
frightened,0
cookies,0
dishwasher,0
platinum,0
onscreen,0
convenience,0
wedding,0
ecommerce,0
lesbian_couples,0
passwords,0
panda,0
jewelers,0
pocketbooks,0
sexuality,0
presenter,0
cub,0
candlelight_vigil,0
kiss,0
prostitution,0
plaintiff,0
dessert,0
unseeded,0
vault,0
co_ordinator,0
skaters,0
automates,0
collections,0
facilitators,0
animals,0
feeders,0
vocals,0
pills,0
etiquette,0
forms,0
vases,0
indie_rock,0
fifth_graders,0
browse,0
individuality,0
minivan,0
vibrant,0
vitro,0
decorate,0
accessories,0
digs,0
mediums,0
clothes,0
gift_certificate,0
iodine,0
recital,0
candle,0
adulthood,0
behaviors,0
seventh_grader,0
comforted,0
debit_card,0
providers,0
tango,0
crib,0
residence_halls,0
loneliness,0
vendors,0
culinary,0
labels,0
strawberries,0
randomized,0
microwave,0
keypad,0
cried,0
bathing,0
facebook,0
raped,0
errands,0
schoolteacher,0
coupons,0
decorations,0
samba,0
multiple_sclerosis,0
gazebo,0
polar_bears,0
ribbon,0
pole_vault,0
pics,0
cooking,0
horrifying,0
cocktails,0
animal,0
blanket,0
hundredths,0
trans,0
chocolates,0
educators,0
silver_medals,0
leopard,0
meanings,0
singing,0
adoptive,0
spousal,0
adolescent,0
creations,0
vampire,0
co_ed,0
metros,0
equine,0
hygiene,0
mg,0
charms,0
spokesperson,0
muffins,0
telly,0
tiebreak,0
pottery,0
cat,0
lifestyles,0
sanitary,0
faculty,0
breaststroke,0
magnets,0
meds,0
remedies,0
banded_together,0
demographics,0
kindness,0
rehearsal,0
coats,0
bakers,0
scrubbing,0
smoky,0
cheerleaders,0
tube,0
creamy,0
manga,0
bakeries,0
ng,0
median,0
residents,0
ballad,0
perennials,0
divorces,0
sexiest,0
evicted,0
intern,0
hormones,0
ceramics,0
gender_identity,0
fab,0
scrapbook,0
graders,0
e_mailing,0
blankets,0
animal_welfare,0
textiles,0
kids,0
pesticide,0
somethings,0
sex,0
pairs,0
candy,0
formaldehyde,0
beautify,0
milk,0
dispatcher,0
definitions,0
weeping,0
judging,0
unattractive,0
strangled,0
raunchy,0
abortions,0
indie,0
traumatic,0
beautification,0
bangs,0
registrar,0
readings,0
randomly_assigned,0
packaging,0
demographic,0
custodial,0
treatments,0
furry,0
civil_society,0
cascade,0
calves,0
advocates,0
glucose,0
decor,0
glossy,0
kills,0
fairs,0
activism,0
ponytail,0
wailing,0
blond,0
ponies,0
slippers,0
bathroom,0
spiders,0
siren,0
allergies,0
ensemble,0
fresh_fruits,0
ml,0
melodrama,0
eighth_grader,0
offspring,0
trendy,0
swim,0
bingo,0
hues,0
singer_songwriter,0
greeting_cards,0
bookseller,0
nutritional,0
tears,0
dogs,0
snack,0
subgroups,0
scantily_clad,0
ironing,0
tiny,0
intimate,0
model,0
keyword,0
childhood_obesity,0
lace,0
clerks,0
musicals,0
nurturing,0
gardening,0
brothel,0
zip_code,0
pesticides,0
choirs,0
ballads,0
suggestive,0
coordinators,0
schedules,0
veterinarians,0
strangers,0
specially_trained,0
divorced,0
shopping_spree,0
freestanding,0
borrower,0
cook,0
facilitates,0
ingest,0
coral,0
brunch,0
disabilities,0
homeless_shelter,0
scrubs,0
medley_relay,0
terrifying,0
brown_eyes,0
companion,0
bracelet,0
abstinence,0
kitty,0
outreach,0
na,0
read_aloud,0
embryo,0
diversity,0
pediatricians,0
massage,0
credit_card,0
segmented,0
melamine,0
café,0
divorce,0
rugs,0
unforced_errors,0
breeders,0
embryos,0
immersion,0
animal_cruelty,0
bloom,0
punk_rock,0
touch_screen,0
equality,0
respondent,0
marriage,0
ratios,0
butterfly,0
layers,0
empower,0
garden,0
stereotypes,0
jar,0
cruelty,0
raise_awareness,0
worker,0
individual_medley,0
job_seekers,0
documenting,0
backstroke,0
freaking,0
elegance,0
reusable,0
indigenous_peoples,0
empowered,0
probate,0
coupon,0
runway,0
restroom,0
pickles,0
interfaces,0
gift_cards,0
log_onto,0
professions,0
overwhelmed,0
psychotherapy,0
abuser,0
legislatures,0
haves,0
layer,0
budgeting,0
vaccinations,0
dyes,0
premiering,0
classrooms,0
aboriginal,0
slalom,0
trolley,0
hospice,0
water_polo,0
infusions,0
comfy,0
heartbreak,0
authors,0
claws,0
seatbelt,0
love_triangle,0
grader,0
crying,0
nutrients,0
artisans,0
workshop,0
citywide,0
steamy,0
sidewalks,0
makeover,0
subgroup,0
pupils,0
cadmium,0
translucent,0
trash_bin,0
swimming,0
hourly,0
voluminous,0
curtains,0
washer,0
nontraditional,0
hoop,0
socialize,0
food,0
bead,0
teller,0
ordeal,0
weddings,0
artists,0
uptown,0
bondage,0
verification,0
dolphin,0
sedatives,0
typing,0
guild,0
non_invasive,0
celebrity,0
bouquets,0
complainants,0
groceries,0
eliminations,0
lover,0
assistant_professor,0
information,0
fetching,0
tubes,0
birth_certificates,0
liquids,0
artistes,0
designing,0
families,0
meter_relay,0
node,0
furnishings,0
water_heater,0
provocative,0
adultery,0
descriptive,0
canine,0
interface,0
temps,0
mercury,0
lemon,0
duplex,0
karaoke,0
eco,0
acupuncture,0
descriptions,0
spacecraft,0
workers,0
accreditation,0
wept,0
basket,0
cardholder,0
tablespoon,0
sitcoms,0
strata,0
explores,0
counsels,0
libraries,0
fundraising,0
dances,0
brochures,0
coordinates,0
cherries,0
texture,0
bakery,0
allergens,0
newsroom,0
bedroom,0
vials,0
bonnet,0
cerebral_palsy,0
peaches,0
designs,0
layups,0
encourages,0
cream_cheese,0
notices,0
violinist,0
synchronized,0
judging_panel,0
crystals,0
duct_tape,0
triathlon,0
segmentation,0
lunches,0
heartbroken,0
labor_intensive,0
paperback,0
cushions,0
relationships,0
buckets,0
pharmacists,0
hives,0
crosswalk,0
microchip,0
locally_grown,0
peer,0
soloists,0
laundry,0
disposable,0
blueberries,0
anesthesia,0
fiber,0
relays,0
recommends,0
oz,0
reviewer,0
superdelegates,0
dorms,0
pandas,0
nerve_wracking,0
bagel,0
sing,0
carton,0
ballroom,0
hugs,0
freestyle_relay,0
doctoral_student,0
formulas,0
therapy,0
décor,0
kiwi,0
governor_mansion,0
visitation,0
furlong,0
federally_funded,0
cargo_ship,0
lifeguards,0
harmonize,0
pampered,0
applicants,0
bath,0
virgin,0
designer,0
calendars,0
dog,0
ethnic,0
automate,0
raccoon,0
implant,0
eating_habits,0
cabin_crew,0
umbrellas,0
surrogate,0
feisty,0
condom,0
jewels,0
underwear,0
volunteerism,0
dairy,0
gosh,0
sibling,0
reversible,0
jobseekers,0
divorcing,0
baked,0
orphaned,0
delectable,0
republicans,0
sighs,0
servicemen,0
edible,0
societal,0
infant_mortality,0
cultures,0
oncology,0
multichannel,0
dancing,0
pharmacist,0
login,0
bottoms,0
dorm,0
closure,0
listings,0
lives,0
bulb,0
horticultural,0
enrollees,0
oils,0
distressing,0
strands,0
sparkle,0
solicitors,0
soloist,0
sirens,0
intravenous,0
painless,0
e_commerce,0
pop_culture,0
chlorine,0
euthanized,0
nurseries,0
overdose,0
pre_kindergarten,0
capitol,0
golds,0
pop,0
panchayat,0
superficial,0
algorithm,0
lamb,0
sweaters,0
textures,0
nodes,0
classroom,0
inconvenient,0
color,0
strangling,0
mailbox,0
balloons,0
labor,0
funders,0
grieving,0
container,0
corals,0
cystic_fibrosis,0
coyote,0
litter,0
evictions,0
reviewers,0
mattress,0
plastic,0
singles,0
items,0
closet,0
green_beans,0
notifications,0
statewide,0
bartenders,0
taste_buds,0
bazaar,0
raw_milk,0
calories,0
deaf,0
cooks,0
cancellations,0
tips,0
hair,0
unhealthy,0
choreographer,0
ages,0
trafficked,0
digital_cameras,0
redundancy,0
cultural,0
townhouse,0
married,0
dot_com,0
pumpkin,0
homeowner,0
pill,0
semester,0
sexual_intercourse,0
prelims,0
storefronts,0
theater,0
sings,0
obedience,0
pit_bull,0
sweetness,0
geometric,0
delicate,0
tenants,0
herbs,0
fluff,0
consumer,0
consummation,0
marketers,0
peso,0
anthropology,0
restraining_order,0
internships,0
vitamins,0
marrying,0
silver_medalist,0
grocery,0
print,0
puberty,0
wafers,0
ordination,0
postage,0
juvenile_justice,0
upsetting,0
containers,0
snacks,0
plastic_bag,0
snowed,0
bliss,0
medication,0
narratives,0
windows,0
angel,0
celestial,0
tactile,0
magazines,0
malls,0
veterinarian,0
blooming,0
noodles,0
tissues,0
javelin,0
wholesome,0
cleanliness,0
skilled_nursing,0
campuses,0
essentials,0
discus,0
monologues,0
complainant,0
dumpster,0
discrimination,0
differ_materially,0
delicious,0
pearl,0
entries,0
diet,0
trunk,0
herb,0
regatta,0
refill,0
snowstorm,0
yearbook,0
heartache,0
soups,0
textile,0
willful,0
bulbs,0
pouch,0
standardized,0
runways,0
racy,0
sea_turtles,0
sectionals,0
monthly,0
brown_hair,0
partygoers,0
foster,0
examiner,0
aftershocks,0
delightful,0
noncompliance,0
nesting,0
putback,0
loan_modification,0
spotlights,0
ethnic_minority,0
violin,0
rep,0
labyrinth,0
co_ops,0
sheets,0
identity_theft,0
toned,0
stained_glass,0
discontinued,0
artiste,0
pumpkins,0
products,0
masculine,0
pajamas,0
seaweed,0
barcode,0
foliage,0
salads,0
mortgage,0
hearing_aids,0
calorie,0
sofa,0
conservatory,0
silk,0
drunken_driver,0
snowstorms,0
campaigners,0
breakup,0
marriage_equality,0
abusers,0
restrooms,0
gestation,0
abort,0
mail,0
skeletal,0
folk,0
cheeks,0
mayonnaise,0
thermostat,0
catering,0
celebrities,0
smokers,0
certified,0
adore,0
practicality,0
attendant,0
collage,0
regionals,0
mango,0
milk_powder,0
badminton,0
rabbits,0
oppression,0
pastries,0
participants,0
orchids,0
polling_places,0
digestive,0
reader,0
caste,0
insecure,0
chemical,0
bob,0
classmate,0
flea,0
tray,0
condoms,0
metallic,0
apartment,0
freezer,0
styling,0
graphic,0
apartment_complex,0
toxins,0
songwriters,0
southeast,0
dermatology,0
physical_therapist,0
discriminating,0
incorporates,0
activists,0
arctic,0
marital,0
kennel,0
homes,0
rape,0
pillow,0
snails,0
blogged,0
homebuyers,0
aisles,0
skating,0
workforce,0
bourgeois,0
nightcap,0
methadone,0
rehearsing,0
newscast,0
sweets,0
retailers,0
plucky,0
scanners,0
smitten,0
samples,0
oncoming_traffic,0
album,0
desks,0
fused,0
chemicals,0
examiners,0
discontinuation,0
employee,0
auxiliary,0
underwriter,0
radiation,0
minivans,0
attendee,0
realtor,0
scrubbed,0
tenant,0
educational,0
epidemiologist,0
onstage,0
emphysema,0
researched,0
passersby,0
skater,0
cheery,0
braces,0
occupational,0
cultural_diversity,0
¥,0
artwork,0
dispatchers,0
sexual_harassment,0
include_expiry_date,0
brothels,0
affirmation,0
scanning,0
bedtime,0
detector,0
basil,0
organizers,0
sellers,0
seasonally,0
password,0
vaccination,0
tokens,0
sitcom,0
degrading,0
budget_shortfalls,0
digital,0
entrants,0
blood_sugar,0
tellers,0
curriculum,0
fundraisers,0
researcher,0
dye,0
exposes,0
geared_toward,0
poems,0
referral,0
smothering,0
solids,0
swam,0
breeder,0
paws,0
associate_professor,0
seasonality,0
fainted,0
surrogates,0
measurements,0
creepy,0
aces,0
premieres,0
rapists,0
studios,0
cookie_cutter,0
distressed,0
seat_belt,0
prints,0
human_trafficking,0
placement,0
flakes,0
schoolwork,0
tasteful,0
paperless,0
blue_ribbon,0
lab,0
cake,0
snowboarders,0
contacting,0
tub,0
harmful_effects,0
sofas,0
cruise_ships,0
deductible,0
oneself,0
lettuce,0
graphical,0
granular,0
pennies,0
scrub,0
downsized,0
eighth_graders,0
beige,0
simplifies,0
consumerism,0
comforting,0
shapes,0
forensics,0
sophomore,0
biologically,0
unaudited,0
knifepoint,0
art_gallery,0
realtors,0
knot,0
meter_dash,0
carats,0
droplets,0
rinse,0
friendships,0
sunshine,0
foot_birdie_putt,0
rockers,0
shower,0
endpoints,0
skin,0
shopped,0
coffee_shop,0
remarried,0
mailing,0
data,0
calcium,0
rowing,0
networking,0
flocking,0
anniversaries,0
loved_ones,0
angels,0
foul_trouble,0
marry,0
low_carb,0
cardholders,0
food_pantries,0
staffer,0
non_governmental,0
staffed,0
hairstyle,0
prescription,0
referrals,0
teaspoon,0
viewpoints_race,0
yearling,0
biological,0
disability,0
guardians,0
teddy_bear,0
joyful,0
supermarket,0
hormone,0
tax_deductible,0
whimsical,0
applying,0
roses,0
cafes,0
certification,0
exhibitors,0
clothed,0
auditioned,0
___,0
sexual_assaults,0
prescription_drugs,0
sufferers,0
darling,0
caters,0
functionality,0
ombudsman,0
secondhand,0
e_reader,0
vendor,0
compassion,0
heartwarming,0
society,0
kiosk,0
acid,0
offline,0
bargain_hunters,0
tie_breaker,0
exhibit,0
bubbles,0
disappearance,0
professors,0
southbound_lanes,0
pathologist,0
attractiveness,0
shops,0
dosing,0
accounts_receivable,0
dietary,0
roommates,0
railway_station,0
migrant_workers,0
compartments,0
module,0
intuition,0
caseload,0
workstation,0
holistic_approach,0
pepper_spray,0
www,0
databases,0
cinnamon,0
auditing,0
summary_judgment,0
soup_kitchen,0
tea,0
internship,0
gateway,0
tacky,0
umbrella,0
vigil,0
parishioner,0
decreases,0
exhibitor,0
acronym,0
adopting,0
parlor,0
peasant,0
antiques,0
rapes,0
crowning,0
silver_medal,0
branches,0
potentially_harmful,0
touchscreen,0
wand,0
front_porch,0
gala,0
adolescents,0
thyroid,0
mating,0
confectionery,0
lecturers,0
gateways,0
bronze_medal,0
iv,0
grandchildren,0
enrichment,0
cafe,0
coordinated,0
sexually,0
staffers,0
automated,0
freestyle,0
unassisted_goal,0
processors,0
resident,0
co_op,0
hippie,0
conveys,0
educate,0
adopt,0
appraisers,0
sample,0
genealogy,0
overlay,0
doctoral,0
massages,0
choir,0
anthropologist,0
researchers,0
neighborhoods,0
ivory,0
skiers,0
eco_friendly,0
carat,0
citizens,0
operatic,0
neighborhood,0
demonstrates,0
propriety,0
materials,0
malnourished,0
associate_dean,0
picky,0
caffeine,0
fibers,0
stunner,0
grandkids,0
gardens,0
collection,0
shrubs,0
applicant,0
publicize,0
lemon_juice,0
community,0
industrialized,0
gold_medals,0
studies,0
grapefruit,0
computer,0
oven,0
peel,0
warmth,0
®,0
radiotherapy,0
semesters,0
illustrations,0
wheelchairs,0
drug_paraphernalia,0
hotline,0
fosters,0
middle_aged,0
sexually_assaulted,0
onsite,0
civil_rights,0
soulful,0
branch,0
sang,0
closures,0
authentication,0
tiniest,0
incubator,0
exposures,0
humanities,0
hostels,0
kissing,0
weep,0
catalog,0
dependents,0
bicyclist,0
textured,0
photos,0
lips,0
™,0
baker,0
unplanned,0
drug_overdose,0
abstract,0
uncovers,0
educating,0
eggs,0
literature,0
toxic,0
webpage,0
socializing,0
collagen,0
dressing,0
concierge,0
audition,0
fuller,0
drapes,0
multitasking,0
heavy_snowfall,0
vending_machine,0
northeast,0
noticing,0
shoplifting,0
communities,0
backstretch,0
luge,0
meth,0
aquatic,0
suffocating,0
conceived,0
delightfully,0
photography,0
homeownership,0
wedding_anniversary,0
screams,0
reauthorization,0
herbal,0
worlds,0
birdied,0
orbiter,0
grief,0
repressed,0
lambs,0
lacrosse,0
nutritious,0
picket_lines,0
paddling,0
interpreters,0
dishes,0
master_bedroom,0
societies,0
recipe,0
tornadoes,0
charity_stripe,0
color_coded,0
captivating,0
chair,0
password_protected,0
lust,0
orphanage,0
vanity,0
vegetarians,0
antibodies,0
backstage,0
alphabet,0
seduce,0
nutrient,0
tenderness,0
credit_cards,0
gigabyte,0
antidepressant,0
stampede,0
serum,0
wellbeing,0
accessory,0
illegal_immigrant,0
demeaning,0
seduced,0
subprime_loans,0
colonies,0
handhelds,0
medalist_honors,0
sheltered,0
fingernails,0
magnet,0
infidelity,0
holidaymakers,0
processed_foods,0
freelancers,0
bags,0
trans_fat,0
nails,0
biscuits,0
cream,0
episode,0
exhausting,0
emotionally,0
arranges,0
homeowners,0
streamlines,0
bureaus,0
locations,0
flats,0
fittings,0
captivated,0
utensils,0
webcam,0
sweater,0
precious_metal,0
actors,0
abusive,0
tofu,0
presents,0
discriminatory,0
please_contact,0
abandonment,0
allergy,0
upsets,0
attachments,0
merchants,0
myths,0
store,0
council_chambers,0
heartfelt,0
retailer,0
observance,0
braved,0
dry_cleaning,0
consultants,0
watchdog,0
eighth_grade,0
lymph_nodes,0
drawers,0
dress_code,0
exams,0
belongings,0
crafting,0
medley,0
nationwide,0
fatty,0
n,0
coding,0
alpine,0
bonded,0
questionnaires,0
unknown_risks,0
clinician,0
firewalls,0
outsourced,0
nonfiction,0
fridge,0
airy,0
recycled_materials,0
activist,0
toys,0
evenings,0
servings,0
testimonials,0
grand_prize,0
bargain_hunting,0
syringe,0
clay,0
air_conditioner,0
patent_infringement,0
visually_impaired,0
pediatrics,0
grocery_stores,0
bands,0
restaurateurs,0
canning,0
vinegar,0
brochure,0
screeners,0
owl,0
suffocation,0
tiered,0
underwriters,0
decoration,0
productions,0
mules,0
dairy_farmers,0
biz,0
blizzard,0
education,0
care,0
nighttime,0
whole_grains,0
appalled,0
packet,0
earthy,0
pensioners,0
pierced,0
yarn,0
literary,0
misconceptions,0
cello,0
usability,0
purple,0
advert,0
cow,0
clutter,0
picnics,0
anatomy,0
researching,0
curbside,0
resolutions,0
booksellers,0
wards,0
adolescence,0
greenhouse,0
customer,0
hostel,0
photographing,0
reality,0
household,0
mobiles,0
chestnut,0
sourcing,0
advocate,0
treasuries,0
offerings,0
drip,0
morphine,0
flirting,0
dining_room,0
reveals,0
registrants,0
northbound_lanes,0
questionnaire,0
servers,0
delves,0
northwest,0
acne,0
ounce,0
cord_blood,0
secretary_treasurer,0
cucumbers,0
pediatric,0
appellate_court,0
layup,0
flute,0
landlords,0
holidays,0
adverts,0
adjustable_rate,0
editors,0
administrative,0
thousand_dollars,0
inheritance,0
streetcar,0
softness,0
appliances,0
apartment_complexes,0
usd,0
downtown,0
section,0
interpretive,0
curators,0
design,0
toothbrush,0
flirt,0
tranches,0
tablet,0
pleasures,0
free_throws,0
chimpanzees,0
schoolhouse,0
negatively_impacted,0
silent_auction,0
seniors,0
internet,0
closings,0
adopted,0
goers,0
impulse,0
linen,0
mouse,0
disconnected,0
upscale,0
sweeper,0
collaborative,0
practitioners,0
treats,0
smoking_cessation,0
seizures,0
dating,0
gently,0
forehand,0
mudslide,0
steals,0
transformative,0
prairie,0
outbound,0
porn,0
spinach,0
obese,0
undergraduates,0
philanthropy,0
size_fits,0
inappropriately,0
lamps,0
cascading,0
emotional_distress,0
clinicians,0
primary_endpoint,0
toilets,0
courtroom,0
visual,0
harrowing,0
piercing,0
hikers,0
fund_raisers,0
chemotherapy,0
rebounder,0
leaflet,0
courthouse,0
grand_finale,0
monitors,0
vanished,0
administrator,0
vine,0
clung,0
school,0
seedlings,0
wine_tasting,0
bestselling,0
vaccinated,0
intrusive,0
loving,0
washes,0
swoon,0
events,0
tongues,0
fractions,0
spider,0
antioxidants,0
currents,0
titled,0
rainbow,0
lifeguard,0
access,0
supervisor,0
voyage,0
salsa,0
seekers,0
reminders,0
e,0
clients,0
bankruptcies,0
producers,0
strand,0
pollen,0
visibility,0
upholstery,0
sewers,0
convenient,0
longing,0
disappearances,0
starve,0
user_friendly,0
mercy_rule,0
ozone,0
juggle,0
nonmembers,0
flavorful,0
prettiest,0
toxicity,0
psychology,0
newscasts,0
cheerful,0
marriages,0
cries,0
organizer,0
patterns,0
hue,0
heavenly,0
walnuts,0
storms,0
generic,0
love,0
accredited,0
bevy,0
seasonal,0
liaison,0
patients,0
ferries,0
educates,0
skier,0
townhouses,0
guidebook,0
deadlines,0
clientele,0
greenery,0
vegetarian,0
affirmative_action,0
goats,0
cancer_survivor,0
sneak_peek,0
baths,0
formulations,0
vending_machines,0
reruns,0
chimps,0
nausea,0
trampoline,0
sex_couples,0
filming,0
lemons,0
outsourcing,0
placements,0
entrepreneurs,0
socialized,0
anecdotal_evidence,0
trash_cans,0
artist,0
mainland,0
twister,0
external,0
orphan,0
server,0
atrium,0
wonderful,0
costumed,0
round_robin,0
adjunct,0
ounces,0
appointments,0
ceramic,0
blond_hair,0
jealousy,0
enchanted,0
counseling,0
pavement,0
bedrooms,0
cry,0
patio,0
westbound_lanes,0
consuming,0
lien,0
injunctions,0
foyer,0
lifestyle,0
multidisciplinary,0
booklets,0
menus,0
fling,0
psoriasis,0
readers,0
nonconference,0
advises,0
buyers,0
secondhand_smoke,0
plasma,0
discovered,0
captions,0
liberation,0
textbooks,0
potassium,0
sophomores,0
printed,0
toilet,0
upload,0
terminals,0
protective,0
gorge,0
stairwell,0
plaintiffs,0
glow,0
enrolling,0
macaroni,0
advertising,0
ho,0
awareness,0
device,0
info,0
songwriting,0
tablets,0
furlongs,0
catchy,0
passcode,0
needle,0
organizing,0
homelessness,0
interfaith,0
subsistence,0
snowfall,0
cords,0
e_mailed,0
unnerving,0
sciences,0
peruse,0
configurable,0
veiled,0
macro,0
entrant,0
starvation,0
oftentimes,0
mineral,0
chemically,0
vacationers,0
proprietary,0
vicious_cycle,0
buttons,0
faux,0
backpacks,0
imperfections,0
charming,0
mad_cow_disease,0
roadway,0
anchors,0
filler,0
festive,0
administer,0
nerve_racking,0
hipster,0
overwhelming,0
lump,0
addicted,0
married_couples,0
royals,0
pumps,0
placebo,0
scary,0
rocker,0
chapters,0
zoo,0
incidences,0
refreshments,0
undue_reliance,0
saturated,0
needles,0
relaunched,0
neighbors,0
necessities,0
voter_registration,0
vitality,0
boroughs,0
grade,0
skis,0
newly_renovated,0
transformations,0
households,0
scissors,0
health,0
slit,0
sea_lions,0
pig,0
grieve,0
mesothelioma,0
wash,0
generics,0
wreaths,0
hurricanes,0
author,0
regal,0
custodians,0
kitchen_knife,0
schoolers,0
healthcare,0
stimulation,0
affirming,0
drugged,0
notebook_computers,0
constables,0
bronze,0
pharmacy,0
tree_limbs,0
railway_stations,0
frigid,0
balloon,0
gasped,0
aggregation,0
processor,0
pods,0
premiere,0
coercive,0
chromosomes,0
technologists,0
meal,0
ordinances,0
campus,0
inundated,0
navigate,0
streetlights,0
radiation_therapy,0
interviewers,0
asparagus,0
thresholds,0
anthology,0
branching,0
empowers,0
harnesses,0
licensing,0
bins,0
consumers,0
issuers,0
mats,0
publishing,0
issuance,0
fright,0
southwest,0
user,0
prescribing,0
photographs,0
sweetest,0
pit_bulls,0
nests,0
occupations,0
texting,0
village,0
ingredients,0
fats,0
downsize,0
gigs,0
jealous,0
administering,0
quit_smoking,0
proactively,0
please_visit,0
flexible,0
breathless,0
salmonella,0
graduation,0
emotive,0
voices,0
accessing,0
ribbon_cutting,0
coercion,0
hurtful,0
groups,0
discriminate,0
functional,0
physical_therapy,0
house,0
registry,0
gardener,0
experiences,0
um,0
postcard,0
inexpensive,0
publicizing,0
tissue,0
veterinary,0
hallways,0
septic,0
holiday,0
distraught,0
cabins,0
hectic,0
mailings,0
reading,0
freelance_writer,0
braving,0
springtime,0
snapshots,0
boe,0
happiness,0
railroad_tracks,0
panelists,0
scream,0
airbags,0
peanut_butter,0
supper,0
refrigerators,0
spawned,0
bookstores,0
camcorder,0
letters,0
seatbelts,0
multi_disciplinary,0
tailoring,0
sheltering,0
spontaneous,0
semi_finalists,0
stores,0
beings,0
memory_chips,0
antioxidant,0
chemists,0
tropical_storm,0
liberals,0
enactment,0
motels,0
provides,0
familial,0
enrollments,0
episodes,0
vegetables,0
tranche,0
debit_cards,0
cafeterias,0
aldermen,0
gift_certificates,0
pavements,0
firefighters,0
householders,0
ergonomic,0
villages,0
unbearable,0
clinical_trial,0
projected,1
quarter,1
unofficial,1
distinguished,1
scrap_metal,1
adapting,1
squander,1
comparisons,1
th,1
tendinitis,1
blocked,1
practiced,1
baseball,1
needlessly,1
reined,1
prefers,1
disagreeing,1
backside,1
grandstands,1
knocked_unconscious,1
blitz,1
hesitate,1
sportsmanship,1
bats,1
composite,1
inferred,1
prodded,1
counting,1
strategist,1
where,1
spraining,1
six,1
further,1
straight,1
talkative,1
stepping,1
wrecked,1
terrorize,1
aiming,1
fooling,1
whacked,1
elevated,1
setups,1
pardon,1
halfway,1
pronged,1
why,1
instead,1
upper_deck,1
hardly,1
undisclosed,1
second,1
hill,1
pyrotechnics,1
lefties,1
shortly,1
suggesting,1
grandstand,1
reformer,1
autograph,1
turn,1
least,1
renowned,1
prominence,1
terrorism,1
regain,1
likelihood,1
during,1
pads,1
simulation,1
freewheeling,1
eventuality,1
tendencies,1
forthright,1
significance,1
ills,1
passing,1
payback,1
bounty,1
entrusted,1
bat,1
shipped,1
inserted,1
mobility,1
obvious,1
receiving_corps,1
short,1
apprenticeship,1
targets,1
tight,1
dictate,1
nationalize,1
penalizing,1
physique,1
retooling,1
cramp,1
implicate,1
fray,1
capitulation,1
acceleration,1
ticket_holder,1
overlooked,1
customary,1
tapped,1
infantry,1
was,1
chairmanship,1
extradited,1
admiration,1
win,1
loyal,1
arrest,1
streak,1
oblige,1
pondering,1
anathema,1
outrun,1
specifics,1
replicas,1
freeing,1
plowing,1
salvo,1
captains,1
special_envoy,1
lacks,1
subs,1
champions,1
spitting,1
entourage,1
incendiary,1
millionaire,1
eighth,1
occasion,1
drill,1
condone,1
just,1
consummate,1
contesting,1
hauling,1
judicious,1
crooked,1
improvised,1
swift,1
spurned,1
lengthy,1
smooth_transition,1
zero_tolerance,1
firebrand,1
chief_executive,1
technically,1
guiding,1
prominent,1
contenders,1
rooting,1
elevating,1
unleashing,1
faith,1
grandstanding,1
borderline,1
criticism,1
manning,1
vowed,1
nullified,1
libertarian,1
recruited,1
chanting,1
backdated,1
caps,1
gone,1
style,1
continue,1
whack,1
securing,1
makeshift,1
dealt,1
ankle_injury,1
ruck,1
masterminds,1
namely,1
raking,1
anywhere,1
dons,1
terrorist,1
brigades,1
cameo,1
accomplished,1
invoked,1
slick,1
uncompromising,1
predicting,1
situations,1
sorely,1
greedy,1
moot,1
reborn,1
bloated,1
skillful,1
lessening,1
assemblyman,1
signing_autographs,1
availability,1
bypassed,1
directly,1
meeting,1
irked,1
pedal,1
slumps,1
deftly,1
sprinted,1
dismantling,1
spectacularly,1
adamant,1
exploratory,1
handled,1
liar,1
converts,1
enough,1
front,1
elevation,1
sneak,1
rotator_cuff,1
meritorious,1
controlling_stake,1
single_handedly,1
built,1
mold,1
batting,1
aggravated,1
pegged,1
marquee,1
tactics,1
skirmish,1
remark,1
be,1
indictment,1
reviving,1
nullify,1
deeper,1
wrestled,1
fortunate,1
cleanest,1
fielders,1
arcade,1
valor,1
charisma,1
limited,1
reiterate,1
amassed,1
compliment,1
mulling,1
lineup,1
underestimating,1
transfers,1
reviled,1
resigns,1
army,1
namesake,1
million,1
commando,1
reclaimed,1
anything,1
workload,1
motionless,1
mocking,1
extend,1
dominant,1
dismissing,1
favors,1
promise,1
payday,1
fondly,1
touchdowns,1
guided,1
sage,1
intervening,1
evading,1
possessed,1
vindicated,1
improper_conduct,1
rafters,1
defections,1
tarnished,1
passer_rating,1
over,1
sedition,1
hell,1
quagmire,1
lineout,1
mystique,1
overall,1
demeanor,1
dagger,1
apologized,1
carry,1
clarified,1
rout,1
spearhead,1
relent,1
hallowed,1
reaped,1
plenty,1
footballer,1
handcuff,1
colossal,1
weapon,1
chiefly,1
times,1
stretcher,1
electrician,1
disgrace,1
fumble,1
flag,1
hurting,1
relieving,1
galloping,1
absentia,1
bothering,1
mil,1
roam,1
arresting,1
chipping,1
jihadist,1
brooding,1
halting,1
ducked,1
reversing,1
dressing_room,1
commentary,1
choppers,1
ol,1
problem,1
amateur,1
phenomenal,1
squads,1
prognosis,1
handed_reliever,1
briefing,1
belonged,1
amnesty,1
piloting,1
strode,1
railed,1
essentially,1
unload,1
build,1
downplaying,1
quote,1
buyout,1
steer,1
physio,1
jig,1
hammered,1
whenever,1
doubtless,1
banged,1
marginally,1
roasted,1
slide,1
plateau,1
statement,1
recharged,1
stalemate,1
splendid,1
landing,1
temperament,1
midfield,1
non_existent,1
hacks,1
deservedly,1
papacy,1
reportedly,1
poor,1
pantheon,1
virtues,1
disputed,1
square,1
seized,1
key,1
officiated,1
clearances,1
quantity,1
needs,1
duck,1
wayward,1
returned,1
excused,1
pragmatic,1
stability,1
guarding,1
elected,1
methodical,1
whom,1
does,1
dusted,1
storied,1
chanted,1
criticizing,1
time,1
blockbuster,1
lands,1
negotiate,1
conclave,1
topple,1
clashed,1
honestly,1
sprained_ankle,1
positioning,1
sniper,1
sideshow,1
extending,1
reverted,1
leadership,1
sign,1
wise,1
cautious,1
corner,1
backstop,1
lore,1
sausages,1
rant,1
nickel,1
temper,1
commensurate,1
readiness,1
upturn,1
reneged,1
idiots,1
departs,1
promoter,1
largesse,1
modus_operandi,1
heeding,1
dispensation,1
woefully,1
developmental,1
scoring,1
defiant,1
robbing,1
gang,1
angled,1
crucial,1
overtaking,1
enshrined,1
firstly,1
cursing,1
dodged,1
backers,1
five,1
favor,1
fumbling,1
crease,1
rocket_launchers,1
chases,1
stints,1
tally,1
happen,1
suspends,1
challenge,1
dynasty,1
indict,1
solidly,1
whatsoever,1
fine_tuning,1
justifiable,1
errant,1
yardstick,1
inclination,1
muscled,1
decide,1
opinion,1
stump,1
midweek,1
backwards,1
regulation,1
lucrative,1
recover,1
collarbone,1
respectfully,1
unstoppable,1
characteristic,1
mojo,1
guaranteeing,1
sustaining,1
theory,1
stated,1
allowing,1
faceoff,1
gone_unnoticed,1
renegotiate,1
sportsmen,1
flattened,1
cohorts,1
reliable,1
pre_eminent,1
presumed,1
detain,1
dour,1
offing,1
maneuver,1
executed,1
franchises,1
rumblings,1
believer,1
hash,1
envisage,1
thinks,1
ownership,1
underlining,1
gritty,1
irreplaceable,1
plow,1
eras,1
fittingly,1
forfeit,1
basically,1
extended,1
roamed,1
wide,1
ceremonial,1
sufficiently,1
outburst,1
assertion,1
tweaking,1
elder,1
screwed,1
remaining,1
cannons,1
impressing,1
saluted,1
seven,1
muscle,1
logjam,1
shareholding,1
pumped,1
militia,1
befitting,1
combatants,1
bulk,1
fined,1
inept,1
emeritus,1
lamented,1
similarly,1
inventor,1
pick,1
specifically,1
autocratic,1
vilified,1
suspensions,1
elects,1
dislocated,1
demoralized,1
shipbuilding,1
vaunted,1
proven,1
outfield,1
silenced,1
ouster,1
leaning,1
offside,1
defuse,1
healed,1
disputing,1
shortcomings,1
compatriots,1
pessimism,1
hardball,1
fringe,1
outplayed,1
playoff,1
hopeful,1
gridiron,1
relied_upon,1
expansive,1
sub_par,1
wasteful,1
logically,1
bauxite,1
ascended,1
serious,1
announcement,1
congratulatory,1
willingness,1
military_tribunals,1
downplay,1
wherever,1
particular,1
foreman,1
briefly,1
grumbled,1
supplanted,1
coincidentally,1
announcers,1
land,1
fisherman,1
throwing,1
overran,1
philosophers,1
gifted,1
mechanically,1
eleven,1
big,1
fast_bowlers,1
healthy_scratch,1
hostilities,1
favorably,1
lofted,1
incoming,1
chase,1
rebuild,1
chant,1
flak,1
offenses,1
technical,1
eagerness,1
dismantle,1
belief,1
arm,1
pocket,1
gaffe,1
deft,1
late,1
some,1
rediscovered,1
guts,1
cementing,1
extradition,1
versatility,1
standard_bearer,1
intents,1
snared,1
negated,1
sprained,1
citing_unidentified,1
poaching,1
bust,1
retorted,1
capt,1
unchallenged,1
counterinsurgency,1
mouthpiece,1
stalwarts,1
resting,1
assured,1
handoff,1
bluff,1
reels,1
polished,1
antics,1
controlled,1
defensive_backs,1
leeway,1
beer,1
four,1
ply,1
facing,1
grasp,1
arsenal,1
prominently,1
omission,1
shrugged,1
regards,1
chief,1
redeemed,1
afterthought,1
reachable,1
skilled,1
cornerback,1
praise,1
agents,1
scar_tissue,1
displace,1
coaches,1
inconceivable,1
unpopularity,1
bankrolled,1
recruits,1
fundamentals,1
tremendous,1
trading,1
transpired,1
ballgame,1
homily,1
indeed,1
bunker,1
prophetic,1
fine,1
opponent,1
bullish,1
flashes,1
ironically,1
whomever,1
value,1
geologist,1
numbered,1
jogged,1
reverence,1
opening_bell,1
power,1
compatriot,1
mathematically,1
acquitted,1
rib,1
rumble,1
defeat,1
intentions,1
believing,1
stake,1
roar,1
implicitly,1
versatile,1
predicted,1
longshot,1
bulldozed,1
trophy,1
propensity,1
porous,1
gesture,1
worth,1
prerogative,1
nets,1
summoning,1
statue,1
leapfrog,1
scrimmages,1
abundantly_clear,1
immortality,1
warmups,1
brushed_aside,1
politely,1
aptly,1
powering,1
adaptability,1
base,1
mop,1
stead,1
loosening,1
appointing,1
combat,1
troublesome,1
progression,1
acquisitions,1
ducking,1
plays,1
lumber,1
punished,1
radicalization,1
fiery,1
rusher,1
floundering,1
nothing,1
emphasized,1
dynamite,1
handling,1
manner,1
improved,1
dud,1
tough,1
scheme,1
efficient,1
either,1
overture,1
strike,1
profited,1
ammo,1
opportunistic,1
peg,1
eulogy,1
asserted,1
torched,1
yard_dash,1
admitted,1
candidate,1
innovator,1
disciplinary_action,1
scrambles,1
purists,1
biofuels,1
punish,1
seasoning,1
drilled,1
unfit,1
level,1
sermons,1
tarnish,1
likewise,1
assault_rifle,1
lobbed,1
confounding,1
instant_replay,1
remains,1
guaranteed,1
cede,1
coughed,1
populist,1
appoint,1
profane,1
defused,1
rehabilitated,1
none,1
left,1
connected,1
retaliate,1
allowed,1
defender,1
stabilizes,1
predictions,1
possibility,1
retains,1
boasted,1
chances,1
outings,1
challenger,1
unilaterally,1
quarterbacks,1
hierarchy,1
deserved,1
concurred,1
esteem,1
reinforcement,1
whistling,1
abilities,1
catches,1
grin,1
fools,1
pledged,1
premiership,1
somebody_else,1
cutback,1
definitively,1
instincts,1
fool,1
qualities,1
wherewithal,1
displeasure,1
misread,1
resigning,1
yardage,1
conjecture,1
chased,1
speed,1
backfired,1
contracts,1
shoddy,1
alternative_fuels,1
retreating,1
potency,1
acquire,1
electrified,1
adjustments,1
easygoing,1
confidence,1
fractured,1
frontrunner,1
improve,1
completion,1
reputed,1
declare,1
mentally,1
should,1
lateral,1
solitary,1
inciting,1
rival,1
tweaked,1
earlier,1
reins,1
tempo,1
discipline,1
never_materialized,1
recklessness,1
sideline,1
stoking,1
principle,1
admirer,1
radars,1
rollicking,1
converted,1
corps,1
roofing,1
action,1
try,1
rank,1
peripheral,1
swinging,1
wagers,1
beforehand,1
philosophy,1
frame,1
inexperience,1
famine,1
bigs,1
do,1
enthused,1
hobbling,1
fully,1
blasting,1
shootout,1
progress,1
safeties,1
remain,1
parting,1
overhaul,1
mistakes,1
upgrade,1
exactly,1
masterpiece,1
post,1
fortress,1
outing,1
commentator,1
outlaw,1
jolly,1
shot,1
relish,1
footwork,1
strongly,1
knee_injury,1
sixes,1
promptly,1
hoisted,1
hunted,1
raring,1
think,1
muscular,1
stoppages,1
capitalized,1
genuine,1
resurrected,1
homegrown,1
wide_ranging,1
reinvested,1
steadfastly,1
posthumously,1
intention,1
contemporaries,1
simulations,1
deferring,1
telecasts,1
unconcerned,1
third,1
seize,1
abysmal,1
inherits,1
destroyer,1
wisely,1
precautionary,1
approach,1
industrialists,1
justifying,1
this,1
lock,1
ailing,1
adapt,1
eleventh,1
openly,1
punt_returns,1
halving,1
relishing,1
option,1
differently,1
preseason,1
hails,1
overhauled,1
honest,1
progressing,1
eloquently,1
doubling,1
prove,1
unmarked,1
dictator,1
committed,1
preferred,1
consistent,1
successive,1
carpenter,1
titan,1
gross_domestic,1
sticks,1
extent,1
weapons,1
taunts,1
stockpiling,1
backroom,1
twilight,1
bolt,1
ramming,1
rehabbing,1
uncertain,1
reinstating,1
broadcasters,1
departures,1
antithesis,1
finesse,1
there,1
bets,1
switch,1
contributions,1
blunder,1
stout,1
accomplices,1
speedy_recovery,1
flailing,1
coming,1
prospered,1
assembled,1
playoffs,1
lifting,1
hedged,1
spasms,1
forced_fumble,1
rein,1
upright,1
heroic,1
cornerstones,1
nick,1
self_styled,1
ineptitude,1
naught,1
prototype,1
fruitful,1
penal,1
eligible,1
caught,1
unavailable,1
loyalty,1
plan,1
possesses,1
questioner,1
intends,1
conversions,1
implying,1
leaders,1
pastures,1
matters,1
capacity,1
pariah,1
defensive_linemen,1
illustrious,1
intercepts,1
ailment,1
dislodge,1
rough,1
depart,1
satisfied,1
striker,1
suspend,1
potential,1
apprehend,1
majestic,1
shoulder,1
deactivated,1
fly,1
hoist,1
sure,1
diplomatically,1
middleman,1
schemes,1
unwise,1
rousing,1
right_hander,1
indirectly,1
touchdown,1
paramilitary,1
leaping,1
opts,1
fracas,1
bragged,1
way,1
could,1
nickname,1
complacent,1
supporters,1
statistically,1
swatted,1
heavyweights,1
unequivocally,1
investment,1
backed,1
undergoing_surgery,1
circumspect,1
defends,1
baptism,1
job,1
melee,1
clean_slate,1
barber,1
self_inflicted,1
snare,1
locker_room,1
optimist,1
lesser,1
inexcusable,1
best,1
acumen,1
holed,1
dugout,1
passes,1
blocking,1
calamity,1
nimble,1
referring,1
sprawling,1
chasing,1
patience,1
footballs,1
might,1
scruffy,1
ousting,1
moron,1
maturation,1
bastard,1
hometown,1
exaggeration,1
succeeded,1
resurgence,1
tacklers,1
transfer_window,1
glove,1
finalize,1
agile,1
effectively,1
ceding,1
wrecking,1
alright,1
backward,1
fighter,1
forced_fumbles,1
matured,1
relishes,1
conciliatory,1
supplant,1
standing_ovation,1
recharge,1
penalties,1
continuity,1
doubts,1
receivers,1
foot,1
transgressions,1
what,1
pessimistic,1
spinal_cord_injury,1
inexperienced,1
domestically,1
badly,1
earmarked,1
ligament,1
loner,1
criticize,1
homeland,1
signaling,1
bolster,1
easing,1
imminent,1
unscathed,1
dubious,1
durable,1
diehard,1
fan,1
championship,1
mastery,1
influential,1
apologies,1
amenable,1
consistently,1
restructure,1
balls,1
unsettled,1
charging,1
commanding_officer,1
scenario,1
waiving,1
attacking,1
immediate,1
sleeper,1
scribe,1
skilful,1
yielding,1
hooligans,1
skill,1
spectator,1
justifiably,1
clinching,1
scoffed,1
career,1
soft_spoken,1
likened,1
prized,1
duly,1
ill_advised,1
retained,1
hideout,1
gesturing,1
matter,1
got,1
reinvented,1
recovered_fumble,1
curtailing,1
commanding,1
corners,1
sliding,1
uninspiring,1
quarterback,1
reincarnation,1
personified,1
stopper,1
bristled,1
aerial,1
premier,1
belatedly,1
justified,1
scorer,1
possibly,1
precision,1
warranted,1
paintball,1
mentioned,1
suspended,1
fundamentally,1
waive,1
exploit,1
since,1
bailing,1
announcer,1
silencing,1
recovered,1
frontline,1
cohesion,1
gloves,1
utmost,1
heck,1
cylinders,1
vice_versa,1
long,1
inefficiency,1
prudent,1
teleconference,1
assassinate,1
lefty,1
favoring,1
pass_rusher,1
maligned,1
insists,1
patrolling,1
obliged,1
flyover,1
fist,1
clone,1
slot,1
ankle,1
renounced,1
envisaged,1
honorary,1
decisions,1
handed,1
respect,1
impressive,1
adding,1
trickery,1
decisively,1
positives,1
now,1
surging,1
summoned,1
orchestrating,1
fired,1
promised,1
recharging,1
believed,1
consecutive,1
elude,1
extensively,1
inflammatory,1
wrong,1
consecutively,1
camps,1
understood,1
shuffle,1
angle,1
setback,1
decoy,1
unbelievable,1
revival,1
converting,1
it,1
yet,1
nose_tackle,1
designate,1
rightfully,1
sanctioning,1
retirement,1
prop,1
indefinite,1
dogfighting,1
instigated,1
convert,1
wide_receivers,1
sports_memorabilia,1
quicker,1
mob,1
repeatedly,1
minors,1
possession,1
mighty,1
anyway,1
mired,1
detonate,1
fantasy,1
hobbled,1
farmed,1
believers,1
undergo_surgery,1
engineer,1
formation,1
stick,1
ahead,1
comrade,1
fluke,1
philosophies,1
displeased,1
later,1
defenders,1
thigh_injury,1
breakaway,1
sooner,1
imitation,1
offensive_linemen,1
dogfight,1
tipped,1
gung_ho,1
excelled,1
calmly,1
punt,1
starting_lineup,1
mental_toughness,1
official,1
rehabilitation,1
follower,1
overtures,1
winnable,1
competent,1
fumble_recovery,1
mused,1
fishes,1
indiscipline,1
vastly,1
reinvigorated,1
massively,1
reckless,1
baron,1
checkered,1
respectability,1
funk,1
stadiums,1
forearm,1
plaudits,1
unloaded,1
unloading,1
whether,1
franchised,1
signal_caller,1
side,1
redistributed,1
albeit,1
as,1
guarantee,1
starts,1
not,1
fracturing,1
penalize,1
considerably,1
underwhelming,1
teed,1
arrogance,1
epic,1
already,1
contractual,1
same,1
completions,1
batsman,1
shakeup,1
conference,1
maybe,1
hitman,1
respected,1
improving,1
ability,1
indications,1
one,1
agreeing,1
clearing,1
flinch,1
ground,1
acquired,1
tailback,1
plunder,1
ballplayer,1
tunnel,1
deflection,1
foresees,1
academy,1
baiting,1
belligerent,1
hapless,1
screw,1
enemy_combatant,1
question,1
orchestrate,1
comrades,1
cleats,1
visor,1
exile,1
solid,1
inconsistent,1
fold,1
whatever,1
drought,1
has,1
stashed,1
any,1
surrendering,1
consistency,1
saying,1
poorly,1
salary_arbitration,1
eluded,1
cleverly,1
facial_hair,1
helm,1
preach,1
intend,1
flattening,1
derby,1
kid,1
recruit,1
flourish,1
linemen,1
likeable,1
salvaging,1
geniuses,1
ringleader,1
angrily,1
refs,1
bench,1
minor_leaguers,1
menace,1
tweaks,1
pinpointed,1
flanker,1
brawl,1
concussions,1
training,1
work_ethic,1
newsmen,1
glory,1
gunning,1
angling,1
efficiency,1
injure,1
magnificent,1
underlined,1
effigy,1
rust,1
indecision,1
we,1
move,1
chuckling,1
urgency,1
recapture,1
linchpin,1
whiz,1
commander,1
richest,1
personnel,1
backups,1
clauses,1
bonus,1
undrafted_free,1
succession,1
armory,1
interceptions,1
ton,1
squarely,1
sorely_missed,1
frustrate,1
alluding,1
defending,1
gamer,1
allocation,1
rehabilitate,1
jettisoned,1
prime,1
superstar,1
malaise,1
underperformed,1
coach,1
optimistic,1
pep_talk,1
unrestricted_free,1
guns,1
reinstated,1
belongs,1
terms,1
podcasts,1
underwent_surgery,1
salvage,1
willing,1
plundered,1
offload,1
scoresheet,1
credentials,1
scapegoat,1
uncapped,1
standpoint,1
balloting,1
faction,1
threat_posed,1
arbitration,1
overrated,1
had,1
yards,1
spectacular,1
knockdown,1
strategy,1
today,1
sack,1
evasive,1
unspecified,1
parried,1
undoubtedly,1
dangerous,1
ribs,1
tackled,1
privately,1
deflecting,1
reconnaissance,1
briefed,1
learning_curve,1
smartly,1
officially,1
glorified,1
disrespect,1
brass,1
dejected,1
phantom,1
tweak,1
interference,1
contending,1
chants,1
mindset,1
even,1
running,1
oust,1
faithful,1
recaptured,1
stiffness,1
chopper,1
fanatical,1
ejected,1
bailed,1
oblique,1
forwards,1
analogy,1
steered,1
esque,1
spare_parts,1
nod,1
quadriceps,1
gangster,1
downfall,1
managerial,1
adulation,1
electing,1
offensive,1
officiating,1
enthusiast,1
magnate,1
coup,1
flank,1
contention,1
sharpen,1
fracture,1
next,1
respectable,1
transfer,1
punts,1
multiyear,1
tackles,1
undersized,1
indisputable,1
indicated,1
squared,1
lefthander,1
linebacker,1
punting,1
punishing,1
headed,1
looping,1
retooled,1
swing,1
bolstering,1
monster,1
yarder,1
revert,1
disenchanted,1
unlikely,1
onetime,1
done,1
defenses,1
internationals,1
jihad,1
mortal,1
downplayed,1
defection,1
complacency,1
figurehead,1
shirtless,1
wide_receiver,1
ankle_sprain,1
exonerated,1
humbly,1
hindsight,1
utility,1
duel,1
fellow,1
coolly,1
estimation,1
ascension,1
invincible,1
realistic,1
reply_actions,1
erstwhile,1
expect,1
worth_mentioning,1
master,1
disciplined,1
beast,1
waived,1
replaces,1
admirably,1
figure,1
handshake,1
offense,1
subpar,1
still,1
restructured,1
bet,1
sustained,1
resumption,1
arrival,1
said,1
yesterday,1
conceivable,1
wheeling,1
committing,1
hesitation,1
somebody,1
stockpiled,1
visionary,1
returns,1
vanquished,1
cement,1
slotted,1
tutelage,1
fumbled,1
regarded,1
negate,1
terrific,1
retain,1
underperforming,1
retiring,1
jeered,1
merely,1
remarks,1
riches,1
veterans,1
everybody,1
dependable,1
nevertheless,1
overhauling,1
would,1
replying,1
defended,1
output,1
folly,1
nicknamed,1
turf,1
scouted,1
subsequently,1
snap,1
ethic,1
memorably,1
disciplinary,1
dived,1
going,1
dismissal,1
harshly,1
stance,1
coverages,1
stint,1
defected,1
pros,1
hamstrung,1
joked,1
jack,1
radar,1
elbow,1
ammunition,1
current,1
pace,1
unpunished,1
grinned,1
sprain,1
kickers,1
brilliantly,1
goalscoring,1
another,1
terraces,1
inflammation,1
aberration,1
understudy,1
footballing,1
erratic,1
timeframe,1
dice,1
hauls,1
duty,1
expected,1
anointed,1
reverse,1
pundits,1
opposition,1
elaborated,1
exiled,1
sharpness,1
chuckled,1
opener,1
expects,1
greatest,1
commits,1
penalty,1
hypocrite,1
quickest,1
high_octane,1
sidestepped,1
teams,1
instigating,1
rubber,1
trades,1
kicker,1
import,1
renaissance,1
minicamp,1
great,1
frontman,1
reload,1
feats,1
executing,1
comments,1
sword,1
opponents,1
memorabilia,1
rest,1
execute,1
possessing,1
reclamation,1
bunkers,1
clearance,1
stoppage,1
fort,1
ominously,1
well,1
activating,1
builder,1
undisputed,1
brash,1
rediscover,1
wideout,1
expiring,1
spear,1
eluding,1
certain,1
leveling,1
marching_orders,1
strikers,1
noncommittal,1
mistake,1
perhaps,1
emergence,1
menacing,1
audacious,1
scrap,1
when,1
regard,1
helmets,1
hyperbole,1
foresaw,1
guru,1
reverting,1
competitiveness,1
pass,1
unpopular,1
restart,1
believes,1
surgically_repaired,1
steel,1
rebuilt,1
knee,1
bait,1
drafts,1
prodigy,1
handers,1
provisional,1
receiver,1
resurrection,1
wants,1
loyalist,1
fans,1
reasonably,1
coaching,1
scrimmage,1
rehabilitating,1
arrogant,1
hopefully,1
questionable,1
vastly_improved,1
doubted,1
holdout,1
wing,1
finest,1
beleaguered,1
mammoth,1
reserve,1
superstars,1
reiterating,1
towering,1
season,1
thug,1
skeptics,1
numerous_occasions,1
fit,1
conversion,1
commit,1
disposal,1
longest_serving,1
prowess,1
taunt,1
coached,1
chance,1
velocity,1
impressively,1
opposing,1
mechanic,1
neutralized,1
lieutenant,1
future,1
speedy,1
unrepentant,1
surrendered,1
spoken,1
ref,1
gambling,1
did,1
pivot,1
loyalists,1
cleared,1
understands,1
ought,1
deflected,1
pedigree,1
likes,1
selectors,1
absence,1
tomorrow,1
likely,1
commentaries,1
teeing,1
uniform,1
pointedly,1
unheralded,1
replay,1
resign,1
pundit,1
returning,1
straightaway,1
flatly,1
industrialist,1
reshaped,1
imposing,1
tendon,1
brilliant,1
outstanding,1
declared,1
foresee,1
good,1
captained,1
deserves,1
instinctive,1
boss,1
salary,1
touchline,1
joking,1
renegade,1
deep,1
touchdown_pass,1
played,1
bumbling,1
referees,1
backtracked,1
failed_miserably,1
situation,1
seasons,1
jeers,1
unofficially,1
activate,1
preferring,1
twice,1
unless,1
unproductive,1
cigars,1
clear,1
slump,1
defensively,1
dividends,1
prophets,1
idiot,1
turnaround,1
batted,1
heavyweight,1
catching,1
somewhere_else,1
stat,1
sparingly,1
mentor,1
speculation,1
powerplay,1
injury,1
prosper,1
sharp,1
limped,1
foolish,1
cannon,1
sharpest,1
stadium,1
nemesis,1
hurry,1
formally,1
conceivably,1
plying,1
widely_regarded,1
defensive_tackle,1
retaining,1
rampaging,1
punted,1
oft,1
handsomely,1
rule,1
fanatic,1
afterwards,1
juncture,1
jokingly,1
famously,1
standup,1
confident,1
signed,1
ineligible,1
once,1
tightness,1
hauled,1
expires,1
predecessors,1
surrender,1
philosophical,1
sanction,1
orthodox,1
felled,1
multimillionaire,1
demoted,1
whichever,1
bounce,1
reserves,1
replied,1
mediocrity,1
notably,1
defend,1
masterful,1
publicly,1
improvise,1
legit,1
fielded,1
shaking_hands,1
disgruntled,1
electrifying,1
only,1
clubs,1
rusty,1
user_click,1
unsigned,1
ineffective,1
teammates,1
playable,1
grinning,1
knee_surgery,1
impersonation,1
commanded,1
backing,1
gaffer,1
debutant,1
adversary,1
inner_circle,1
injured,1
fighter_pilot,1
cornerstone,1
nobody,1
doubt,1
bouncer,1
activated,1
highly_touted,1
selector,1
calf_injury,1
gambler,1
referee,1
overthrow,1
run,1
thunderous,1
practice,1
humility,1
masterminded,1
ceded,1
franchise,1
bookmaker,1
tendered,1
nucleus,1
decision,1
restricted,1
suited,1
inactive,1
position,1
superb,1
huddle,1
intercepting,1
concedes,1
youngster,1
firing,1
overthrown,1
stalwart,1
ovation,1
magician,1
alluded,1
autographed,1
better,1
foolishly,1
wager,1
elite,1
shrewd,1
roster,1
woeful,1
confidant,1
that,1
revitalized,1
broadcaster,1
term,1
rotation,1
interception,1
unseat,1
rounders,1
superbly,1
jamming,1
limping,1
rehab_assignment,1
allegiance,1
rugged,1
contribution,1
tackling,1
clubhouse,1
target,1
but,1
billionaire,1
last,1
again,1
outlay,1
lesser_extent,1
changer,1
contender,1
goalscorer,1
sporting_goods,1
halfback,1
intercept,1
boos,1
sidekick,1
minor_league,1
realistically,1
departure,1
afterward,1
threat,1
kick_returner,1
sacked,1
foregone_conclusion,1
succeeding,1
foreseeable_future,1
leveled,1
slumping,1
utmost_respect,1
rebuilding,1
southpaw,1
surely,1
though,1
rested,1
untested,1
charge,1
however,1
unassuming,1
fielding,1
soreness,1
here,1
ready,1
countering,1
start,1
minor_leagues,1
shook_hands,1
knock,1
batting_practice,1
toughness,1
knows,1
catch,1
shadow,1
intangibles,1
indefinitely,1
offseason,1
mate,1
amiable,1
mentality,1
firepower,1
backs,1
the,1
linesman,1
betting,1
mercenaries,1
concussion,1
added,1
famed,1
signaled,1
emulate,1
major_leaguer,1
conditioning,1
humble,1
gut_feeling,1
downfield,1
succinctly,1
stringer,1
punter,1
departing,1
lineman,1
fearsome,1
speculative,1
detractors,1
deflect,1
sidelines,1
swagger,1
arguably,1
bluntly,1
against,1
certainty,1
promising,1
ball,1
retired,1
equaling,1
heroes,1
unquestionably,1
extension,1
swingman,1
alongside,1
prolific,1
sidelined,1
preaching,1
also,1
sacking,1
culpable,1
expendable,1
succeed,1
agent,1
formations,1
enemy,1
concede,1
remainder,1
cronies,1
shirt,1
intelligently,1
backer,1
playbook,1
explosive,1
controversially,1
prodigious,1
charismatic,1
virtuoso,1
if,1
command,1
draft_picks,1
flamboyant,1
marginal,1
right,1
whoever,1
acknowledged,1
recovers,1
vehemently,1
tenure,1
replica,1
henchmen,1
hamstring_injury,1
sharper,1
clearly,1
penalized,1
neutralize,1
masterminding,1
pounder,1
back,1
traitor,1
fortunes,1
field,1
era,1
resurrect,1
prophet,1
hander,1
nicked,1
postgame,1
hernia,1
rejoined,1
replace,1
doubting,1
villain,1
waivers,1
reshuffle,1
ilk,1
bravado,1
misjudged,1
traded,1
retire,1
patriot,1
cigar,1
mercenary,1
orthopedic_surgeon,1
replacements,1
replays,1
astute,1
cartilage,1
starting,1
signings,1
replacing,1
jerseys,1
enigmatic,1
blueprint,1
warrior,1
incidentally,1
revered,1
who,1
followers,1
penciled,1
re,1
insisted,1
inconsistency,1
flashy,1
mechanics,1
coward,1
rightly,1
mustache,1
lame_duck,1
stature,1
enigma,1
hinting,1
teammate,1
booing,1
without_elaborating,1
onus,1
salary_cap,1
defense,1
capable,1
seamer,1
financier,1
legends,1
timetable,1
unimpressive,1
deal,1
probable,1
architect,1
defensive_lineman,1
trade,1
end,1
clause,1
groin_injury,1
playing,1
evaded,1
latter,1
highly_regarded,1
assuming,1
slotting,1
alumnus,1
acquiring,1
prediction,1
then,1
intercepted,1
quipped,1
boo,1
exploits,1
heroics,1
offensive_lineman,1
cheaply,1
gambled,1
categorically,1
drills,1
hamstring_strain,1
undrafted,1
play,1
mediocre,1
highlight_reel,1
replaced,1
fabled,1
booed,1
brilliance,1
captain,1
honorable,1
emphatically,1
backup,1
sooner_rather,1
rounder,1
emulating,1
rejuvenated,1
although,1
reckoning,1
throwback,1
resurgent,1
meanwhile,1
cleanly,1
personally,1
retires,1
pregame,1
decisive,1
setup,1
presumably,1
hoisting,1
cerebral,1
preaches,1
pro,1
general,1
rookies,1
prospect,1
workhorse,1
overthrew,1
signing_bonus,1
signing,1
cap,1
ejection,1
playmakers,1
disgraced,1
hard_nosed,1
probably,1
haul,1
zone,1
unproven,1
anybody,1
tactically,1
preached,1
groin_strain,1
wingers,1
mates,1
untouchable,1
debatable,1
stewardship,1
supremo,1
doubters,1
immortal,1
greatness,1
locker,1
mastermind,1
games,1
realist,1
pitch,1
defensive,1
successors,1
conceding,1
predecessor,1
offloading,1
legitimate,1
groin,1
combative,1
caliber,1
tackler,1
leader,1
ballclub,1
greats,1
tinker,1
decent,1
drafting,1
jovial,1
underrated,1
hinted,1
draft_pick,1
wily,1
depth_chart,1
buddies,1
underachieving,1
embattled,1
return,1
deposed,1
squad,1
thinker,1
leagues,1
contract,1
hamstring,1
philosopher,1
fullback,1
reiterated,1
cocky,1
gameplan,1
disciples,1
prospects,1
stats,1
helmet,1
counterpart,1
speedster,1
starter,1
lanky,1
productive,1
durability,1
tactical,1
engineered,1
gunner,1
intimated,1
unorthodox,1
unquestioned,1
rib_injury,1
obviously,1
demotion,1
replacement,1
hulking,1
sportsman,1
sarcastically,1
kingpin,1
rejoining,1
camp,1
mild_mannered,1
rejoin,1
jersey,1
wizard,1
former,1
benched,1
legitimately,1
draft,1
maverick,1
pecking_order,1
enforcer,1
bearded,1
protege,1
certainly,1
doubtful,1
game,1
disciple,1
lieutenants,1
tinkering,1
departed,1
skipper,1
winger,1
captaincy,1
football,1
conceded,1
reporters,1
club,1
scouting,1
suspension,1
scouts,1
tackle,1
gamble,1
savior,1
genius,1
buddy,1
team,1
guys,1
serviceable,1
legendary,1
platoon,1
reinforcements,1
mercurial,1
league,1
players,1
benching,1
veteran,1
playmaker,1
legend,1
drafted,1
player,1
successor,1
scout,1
maestro,1
affable,1
heir_apparent,1
rookie,1
burly,1
hero,1
training_camp,1
journeyman,1
